76561198395738370,https://demos-europe-west2.faceit-cdn.net/csgo/1-39459ed2-76b0-490d-8a0c-c3c8951c2fbb-1-1.dem.gz
76561198395738370,https://demos-europe-west2.faceit-cdn.net/csgo/1-4ae0e998-bd3e-47b0-935c-5da09438614d-1-1.dem.gz
76561198395738370,https://demos-europe-west2.faceit-cdn.net/csgo/1-fcb9179a-93d3-4841-84c3-3ee49241ab4a-1-1.dem.gz
76561198395738370,https://demos-europe-west2.faceit-cdn.net/csgo/1-6bf98611-e0b7-4024-ad84-717132e23d3c-1-1.dem.gz
76561198395738370,https://demos-europe-west2.faceit-cdn.net/csgo/1-6972f5a7-d8fa-4538-b6f8-8ff148f73df4-1-1.dem.gz
76561198395738370,https://demos-europe-west2.faceit-cdn.net/csgo/1-a37abe95-6a1f-4e91-9524-06831d83d90d-1-1.dem.gz
76561198395738370,https://demos-europe-west2.faceit-cdn.net/csgo/1-458751e5-9205-415b-acd1-5cce5b5c1c61-1-1.dem.gz
76561198395738370,https://demos-europe-west2.faceit-cdn.net/csgo/1-7efea947-5fcf-4fde-9e91-0cc3ff0ef977-1-1.dem.gz
76561198395738370,https://demos-europe-west2.faceit-cdn.net/csgo/1-a4187463-2054-4f04-821a-d9f17270dc4d-1-1.dem.gz
76561198395738370,https://demos-europe-west2.faceit-cdn.net/csgo/1-7ed5d1ac-96c8-43b9-907a-24e0b2fb4e2b-1-1.dem.gz
76561198395738370,https://demos-europe-west2.faceit-cdn.net/csgo/1-006aa6ec-b32f-489b-97d7-eddab96fc607-1-1.dem.gz
76561198395738370,https://demos-europe-west2.faceit-cdn.net/csgo/1-ddaf0d4a-fba6-44db-b6fd-dc249eb808a7-1-1.dem.gz
